{
  "architecture": "Temporal transformer",
  "run_name": "run_20260704_184225",
  "sequence_length": 30,
  "input_features": 1434,
  "optimizer": "AdamW",
  "learning_rate": 0.001,
  "loss_function": "CrossEntropyLoss(weighted)",
  "batch_size": 64,
  "epochs": 15,
  "model_dim": 256,
  "num_heads": 8,
  "num_layers": 2,
  "feedforward_dim": 512,
  "dropout": 0.1,
  "class_names": [
    "Angry",
    "Disgust",
    "Fear",
    "Happy",
    "Neutral",
    "Sad"
  ],
  "class_weights": [
    0.9417632818222046,
    0.8223532438278198,
    0.9839993119239807,
    1.1001379489898682,
    1.2169735431671143,
    0.9347727298736572
  ],
  "data_dir": "phase2\\output"
}