Class,Precision,Recall,F1-Score,Support
Angry,0.0,0.0,0.0,4
Disgust,0.0,0.0,0.0,0
Fear,0.0,0.0,0.0,0
Happy,0.3333333333333333,1.0,0.5,2
Neutral,0.0,0.0,0.0,0
Sad,0.0,0.0,0.0,0
accuracy,0.3333333333333333,0.3333333333333333,0.3333333333333333,6
macro avg,0.05555555555555555,0.16666666666666666,0.08333333333333333,6
weighted avg,0.1111111111111111,0.3333333333333333,0.16666666666666666,6
