epoch,train_loss,train_accuracy,val_loss,val_accuracy
1.0,1.4654123049515944,0.34615384615384615,1.634708285331726,0.3333333333333333
