epoch,train_loss,train_accuracy,val_loss,val_accuracy
1.0,1.484531255868765,0.3076923076923077,1.5557472705841064,0.0
