{
  "final_train_loss": 1.7840554476730792,
  "final_train_accuracy": 0.1995114006514658,
  "final_val_loss": 1.7856895224424838,
  "final_val_accuracy": 0.19957926167209555,
  "macro_f1": 0.055458128264599955,
  "auc_by_class": {
    "Angry": 0.5042354922792855,
    "Disgust": 0.4903213243239698,
    "Fear": 0.5006761600979761,
    "Happy": 0.5046446809173433,
    "Neutral": 0.47727864089067373,
    "Sad": 0.5252374622204944
  }
}